[{"model": "contenttypes.contenttype", "pk": 1, "fields": {"app_label": "admin", "model": "logentry"}}, {"model": "contenttypes.contenttype", "pk": 2, "fields": {"app_label": "auth", "model": "permission"}}, {"model": "contenttypes.contenttype", "pk": 3, "fields": {"app_label": "auth", "model": "group"}}, {"model": "contenttypes.contenttype", "pk": 4, "fields": {"app_label": "auth", "model": "user"}}, {"model": "contenttypes.contenttype", "pk": 5, "fields": {"app_label": "contenttypes", "model": "contenttype"}}, {"model": "contenttypes.contenttype", "pk": 6, "fields": {"app_label": "sessions", "model": "session"}}, {"model": "contenttypes.contenttype", "pk": 7, "fields": {"app_label": "blog", "model": "post"}}, {"model": "contenttypes.contenttype", "pk": 8, "fields": {"app_label": "blog", "model": "images"}}, {"model": "contenttypes.contenttype", "pk": 9, "fields": {"app_label": "blog", "model": "story"}}, {"model": "contenttypes.contenttype", "pk": 10, "fields": {"app_label": "menu", "model": "category"}}, {"model": "contenttypes.contenttype", "pk": 11, "fields": {"app_label": "menu", "model": "subcategory"}}, {"model": "contenttypes.contenttype", "pk": 12, "fields": {"app_label": "menu", "model": "item"}}, {"model": "contenttypes.contenttype", "pk": 13, "fields": {"app_label": "blog", "model": "comment"}}, {"model": "contenttypes.contenttype", "pk": 14, "fields": {"app_label": "blog", "model": "subscription"}}, {"model": "sessions.session", "pk": "1g6frawwvars108s24gh87pn9coz740p", "fields": {"session_data": "MWY2YTI2NmY3OTEyNTU3Y2FjZmZiMDFkODA2NTc4MDI2ZDQ4NjY4ODp7Il9hdXRoX3VzZXJfaWQiOiIxIiwiX2F1dGhfdXNlcl9iYWNrZW5kIjoiZGphbmdvLmNvbnRyaWIuYXV0aC5iYWNrZW5kcy5Nb2RlbEJhY2tlbmQiLCJfYXV0aF91c2VyX2hhc2giOiI0NTdlZjA2MDc3MGU2YWZmNmM2N2VmNDMzMTYxZDhmMjEzMmU1MDY2In0=", "expire_date": "2020-07-02T13:36:26.148Z"}}, {"model": "sessions.session", "pk": "1h8gucxv5xic0csfotwl7f9uejjid9ph", "fields": {"session_data": "MWY2YTI2NmY3OTEyNTU3Y2FjZmZiMDFkODA2NTc4MDI2ZDQ4NjY4ODp7Il9hdXRoX3VzZXJfaWQiOiIxIiwiX2F1dGhfdXNlcl9iYWNrZW5kIjoiZGphbmdvLmNvbnRyaWIuYXV0aC5iYWNrZW5kcy5Nb2RlbEJhY2tlbmQiLCJfYXV0aF91c2VyX2hhc2giOiI0NTdlZjA2MDc3MGU2YWZmNmM2N2VmNDMzMTYxZDhmMjEzMmU1MDY2In0=", "expire_date": "2020-05-13T11:54:03.686Z"}}, {"model": "sessions.session", "pk": "taczwvfatjl3xapgr78z79z1d62edpc4", "fields": {"session_data": "MWY2YTI2NmY3OTEyNTU3Y2FjZmZiMDFkODA2NTc4MDI2ZDQ4NjY4ODp7Il9hdXRoX3VzZXJfaWQiOiIxIiwiX2F1dGhfdXNlcl9iYWNrZW5kIjoiZGphbmdvLmNvbnRyaWIuYXV0aC5iYWNrZW5kcy5Nb2RlbEJhY2tlbmQiLCJfYXV0aF91c2VyX2hhc2giOiI0NTdlZjA2MDc3MGU2YWZmNmM2N2VmNDMzMTYxZDhmMjEzMmU1MDY2In0=", "expire_date": "2020-06-15T21:07:38.089Z"}}, {"model": "sessions.session", "pk": "ua9gwtvuglbmpjrbaezngk0x5tqo6fwr", "fields": {"session_data": "MWY2YTI2NmY3OTEyNTU3Y2FjZmZiMDFkODA2NTc4MDI2ZDQ4NjY4ODp7Il9hdXRoX3VzZXJfaWQiOiIxIiwiX2F1dGhfdXNlcl9iYWNrZW5kIjoiZGphbmdvLmNvbnRyaWIuYXV0aC5iYWNrZW5kcy5Nb2RlbEJhY2tlbmQiLCJfYXV0aF91c2VyX2hhc2giOiI0NTdlZjA2MDc3MGU2YWZmNmM2N2VmNDMzMTYxZDhmMjEzMmU1MDY2In0=", "expire_date": "2020-09-10T13:37:08.682Z"}}, {"model": "sessions.session", "pk": "z4aow06evw6eai758zznucwg2x404rdp", "fields": {"session_data": "MWY2YTI2NmY3OTEyNTU3Y2FjZmZiMDFkODA2NTc4MDI2ZDQ4NjY4ODp7Il9hdXRoX3VzZXJfaWQiOiIxIiwiX2F1dGhfdXNlcl9iYWNrZW5kIjoiZGphbmdvLmNvbnRyaWIuYXV0aC5iYWNrZW5kcy5Nb2RlbEJhY2tlbmQiLCJfYXV0aF91c2VyX2hhc2giOiI0NTdlZjA2MDc3MGU2YWZmNmM2N2VmNDMzMTYxZDhmMjEzMmU1MDY2In0=", "expire_date": "2020-05-27T19:31:21.829Z"}}, {"model": "blog.post", "pk": 1, "fields": {"content": "<p>As Thanksgiving approaches, we wanted to share a few classics that you can add into your menu planning. This meal is a favorite and one we always look forward to. The mashed potatoes are a great alternative for a less decadent, but equally delicious version + great for non-dairy guests.</p>\r\n\r\n<p>&nbsp;</p>\r\n\r\n<p><img src=\"/media/uploads/2020/08/19/0055_sobremesafall18_2l0a2963.jpg\" style=\"height:659px; width:1000px\" /></p>\r\n\r\n<p>&nbsp;</p>\r\n\r\n<p>&nbsp;</p>\r\n\r\n<p>This salad lives somewhere between a pickle and a vegetable salad. It offers raw crunchy element, and a refreshing bite to the meal. Be very careful using a mandolin &mdash; you can also use a peeler but the results are not as effective.</p>\r\n\r\n<p>9 large carrots<br />\r\nZest of 1 1/2 limes<br />\r\nJuice of 1 1/2 limes<br />\r\n3/4 teaspoons salt<br />\r\n3/4 teaspoons sugar<br />\r\n3 tablespoons olive oil<br />\r\n1/2-1 cups mint leaves<br />\r\n4-5 sprigs of thyme</p>\r\n\r\n<p>Prepare an ice bath in a large bowl.</p>\r\n\r\n<p>Peel carrots into long ribbons using a mandolin and place ribbons into ice bath for 30 minutes or until ribbons start to curl. It can also sit in the ice bath overnight. Remove carrots and gently pat them dry.</p>\r\n\r\n<p>In a small bowl, combine olive oil, lime zest, lime juice, sugar, olive oil and salt. Marinate carrots in dressing for up to one hour. Sprinkle with herbs before serving. Add aky salt to taste.</p>\r\n\r\n<p>&nbsp;</p>", "title": "Introducing the Recipe Box", "date_added": "2020-06-18T13:41:03.825Z", "extra_info": "<p>The pasta dough quantity here is enough for 6 - 8 servings. The sauce quantity below is enough for about 1/3 of the dough. You can easily double or triple the sauce to feed a crowd. The pasta dough can be made in advance. The dough and any leftovers can be covered and refrigerated for one day. The color may shift just slightly</p>", "ingredients": "<p>Esquites 1/4 cup mayonnaise</p>\r\n\r\n<p>1/2 cup crumbled Cotija or Parmesan cheese 2 tsp lime zest</p>\r\n\r\n<p>1/4 cup lime juice</p>\r\n\r\n<p>1/2 tsp salt1 tsp Watkins Organic Chili Powder</p>\r\n\r\n<p>2 TBL butter</p>\r\n\r\n<p>8 corn cobs, kernels remove</p>", "instructions": "<p>In a medium size bowl stir together the mayonnaise, cheese, lime zest, juice, salt and chili powder. Feel free to add more chili powder if you want more heat.</p>\r\n\r\n<p>Add the butter to a large skillet set over medium high heat. When the butter sizzles add the corn then let blacken. Give a quick stir after a couple of minutes then let sit again. Add a hefty pinch of salt then turn off the heat.</p>\r\n\r\n<p>Stir the blackened corn into the creamy mayonnaise mixture.</p>\r\n\r\n<p>Alternately you can grill the corn cobs then let cool and remove the kernels from the cob before stirring into the creamy sauce.</p>\r\n\r\n<p>Creamy Avocado and Scallion Salsa</p>\r\n\r\n<p>2 large avocados, peeled and diced</p>\r\n\r\n<p>5 scallions, white and green parts thinly sliced</p>\r\n\r\n<p>2 TBL sour cream</p>\r\n\r\n<p>1/2 tsp Watkins Organic Ground Cumin</p>\r\n\r\n<p>1/2 tsp Watkins Organic Adobo Seasoning Pinch salt</p>\r\n\r\n<p>1 TBL fresh lime juice</p>\r\n\r\n<p>2 garlic cloves, minced</p>\r\n\r\n<p>1 TBL minced jalape&ntilde;o (more or less depending on your spice preference)</p>\r\n\r\n<p>1 TBL Watkins Organic Cilantro Leaves</p>\r\n\r\n<p>In a medium size bowl stir together the avocado, scallions, cumin, adobo, salt, lime juice, garlic, jalape&ntilde;o and dried cilantro. Taste and adjust seasoning as desired</p>\r\n\r\n<p>Tacos</p>\r\n\r\n<p>12 small flour or corn tortillas</p>\r\n\r\n<p>Meat or beans (optional)</p>\r\n\r\n<p>Crumbled cotija or queso fresco</p>\r\n\r\n<p>Pickled jalape&ntilde;os</p>\r\n\r\n<p>Warm the tortillas then serve with meat or beans, esquites, salsa and whatever other toppings you prefer. I&rsquo;ve listed my favorites</p>", "serving": "6-8 Servings", "category": 2, "header_image": "images/0055_SobremesaFall18_2L0A2963.jpg"}}, {"model": "blog.comment", "pk": 2, "fields": {"post": 1, "name": "David Kamere", "comment": "Fascinating read", "created_on": "2020-08-16T09:01:53.235Z"}}, {"model": "blog.images", "pk": 2, "fields": {"img": "images/0055_SobremesaFall18_2L0A2963_U9G9JNf.jpg", "back_story": null, "date_added": "2020-08-27T13:42:56.661Z"}}, {"model": "blog.subscription", "pk": 14, "fields": {"address": "davidkamere@gmail.com", "date_added": "2020-08-15T12:06:24.794Z"}}, {"model": "menu.category", "pk": 1, "fields": {"main_category": "Main Course", "description": "Main Course", "extra_info": "Main Course"}}, {"model": "menu.category", "pk": 2, "fields": {"main_category": "SNACKS & PAIRINGS", "description": "SNACKS & PAIRINGS", "extra_info": "SNACKS & PAIRINGS"}}, {"model": "menu.category", "pk": 3, "fields": {"main_category": "DRINKS", "description": "DRINKS", "extra_info": "DRINKS"}}, {"model": "menu.category", "pk": 4, "fields": {"main_category": "MAMA'S COMBOS", "description": "Mama's Combos", "extra_info": "Mama's Combos"}}, {"model": "menu.category", "pk": 5, "fields": {"main_category": "WRAPS AND PANINIS", "description": "WRAPS AND PANINIS", "extra_info": "WRAPS AND PANINIS"}}, {"model": "menu.category", "pk": 6, "fields": {"main_category": "MAMA'S BURGERS", "description": "Mama's Burgers", "extra_info": "Mama's Burgers"}}, {"model": "menu.subcategory", "pk": 1, "fields": {"sub_category": "Beef", "description": "Beef", "extra_info": "Beef"}}, {"model": "menu.subcategory", "pk": 2, "fields": {"sub_category": "Chicken", "description": "Chicken", "extra_info": "Chicken"}}, {"model": "menu.subcategory", "pk": 3, "fields": {"sub_category": "Snacks", "description": "Snacks", "extra_info": "Snacks"}}, {"model": "menu.subcategory", "pk": 4, "fields": {"sub_category": "Pairings", "description": "Pairings", "extra_info": "Pairings"}}, {"model": "menu.subcategory", "pk": 5, "fields": {"sub_category": "Hot Beverages", "description": "Hot Beverages", "extra_info": "Hot Beverages"}}, {"model": "menu.subcategory", "pk": 6, "fields": {"sub_category": "Cold Beverages", "description": "Cold Beverages", "extra_info": "Cold Beverages"}}, {"model": "menu.subcategory", "pk": 7, "fields": {"sub_category": "Vegetarian", "description": "Vegetarian", "extra_info": "Vegetarian"}}, {"model": "menu.item", "pk": 1, "fields": {"main_category": 1, "sub_category": 1, "dish": "AFRICAN BEEF STEW", "description": "Braised beef chunks married with a selection of herbs and natural spices, garnished with Corriander", "extra_info": null, "price": 150}}, {"model": "menu.item", "pk": 2, "fields": {"main_category": 1, "sub_category": 2, "dish": "MARYLAND CHICKEN", "description": "1/4 American fried chicken piece brined and coated in a seasonal batter", "extra_info": null, "price": 150}}, {"model": "menu.item", "pk": 3, "fields": {"main_category": 1, "sub_category": 1, "dish": "STIR FRIED BEEF", "description": "Pan Roasted Beef chunks lightly cooked in Onions, Carrots, Capsicum and Soy Sauce", "extra_info": null, "price": 250}}, {"model": "menu.item", "pk": 4, "fields": {"main_category": 1, "sub_category": 2, "dish": "STIR FRIED CHICKEN", "description": "1/4 Chicken, Pan Roasted and lightly cooked in Onions, Carrots, Capsicum and Soy Sauce", "extra_info": null, "price": 200}}, {"model": "menu.item", "pk": 5, "fields": {"main_category": 1, "sub_category": 1, "dish": "BEEF PILAU", "description": "One-pot Rice and Chunks of Beef cooked in Beef Broth and seasonal spices", "extra_info": null, "price": 150}}, {"model": "menu.item", "pk": 6, "fields": {"main_category": 1, "sub_category": 2, "dish": "CHICKEN NUGGETS", "description": "Deep Fried Boneless Chicken chunks marinated in herbs and spices, coated in seasonal spices", "extra_info": null, "price": 200}}, {"model": "menu.item", "pk": 7, "fields": {"main_category": 1, "sub_category": 2, "dish": "CHICKEN CURRY", "description": "Boneless Chicken, pan-seared and curried in Buttermilk and seasonal spices", "extra_info": null, "price": 200}}, {"model": "menu.item", "pk": 8, "fields": {"main_category": 1, "sub_category": 2, "dish": "YASSA CHICKEN", "description": "Senegalese style Succulent Chicken with Caramelized Onions and Mustard", "extra_info": null, "price": 350}}, {"model": "menu.item", "pk": 9, "fields": {"main_category": 2, "sub_category": 3, "dish": "BEEF SAMOSA", "description": "Deep fried manda filled with spiced Ground Beef", "extra_info": null, "price": 50}}, {"model": "menu.item", "pk": 10, "fields": {"main_category": 2, "sub_category": 3, "dish": "BEEF SMOKIES", "description": "Shallow fried Farmer's Choice Beef Smokie", "extra_info": null, "price": 30}}, {"model": "menu.item", "pk": 11, "fields": {"main_category": 2, "sub_category": 3, "dish": "ANDAZI", "description": "Deep fried leavended dough with sugar, cardomom and cinnamon", "extra_info": null, "price": 10}}, {"model": "menu.item", "pk": 12, "fields": {"main_category": 2, "sub_category": 3, "dish": "CHAPATI", "description": "African Style pan roasted dough", "extra_info": null, "price": 20}}, {"model": "menu.item", "pk": 13, "fields": {"main_category": 2, "sub_category": 3, "dish": "BUTTERED NAAN", "description": "Indian Style pan roasted sour dough", "extra_info": null, "price": 40}}, {"model": "menu.item", "pk": 14, "fields": {"main_category": 2, "sub_category": 4, "dish": "FRENCH FRIES", "description": "Deep Fried allumette cut potatoes. Seasoned in our special house seasoning", "extra_info": null, "price": 100}}, {"model": "menu.item", "pk": 15, "fields": {"main_category": 2, "sub_category": 4, "dish": "BBQ FRIES", "description": "French Fries Seasoned in Mama's BBQ Seasoning", "extra_info": null, "price": 150}}, {"model": "menu.item", "pk": 16, "fields": {"main_category": 2, "sub_category": 4, "dish": "MASALA FRIES", "description": "Home fries tossed in a aspicy garlic and tomato paste garnished with corriander", "extra_info": null, "price": 150}}, {"model": "menu.item", "pk": 17, "fields": {"main_category": 2, "sub_category": 4, "dish": "BEEF FRIES", "description": "One-pot mix of one portion of Home Fries and Beef in a thick sauce garnished with corriander", "extra_info": null, "price": 200}}, {"model": "menu.item", "pk": 18, "fields": {"main_category": 2, "sub_category": 4, "dish": "LOADED FRIES", "description": "French Fries tooped with a mix of Slow Cooked seasoned Ground Beef topped with melted Mozarella Cheese and Spring Onions", "extra_info": null, "price": 300}}, {"model": "menu.item", "pk": 19, "fields": {"main_category": 2, "sub_category": 4, "dish": "MARU BHAJIA", "description": "Thinly sliced Potatoes coated in a seasoned Gram Flour batter", "extra_info": null, "price": 200}}, {"model": "menu.item", "pk": 20, "fields": {"main_category": 2, "sub_category": 4, "dish": "VEGETABLE FRIED RICE", "description": "Chines style rice fried with a mix of Chef's select vegetables and spices", "extra_info": null, "price": 150}}, {"model": "menu.item", "pk": 21, "fields": {"main_category": 3, "sub_category": 5, "dish": "WHITE TEA", "description": "Kenyan Tea with Milk and Sugar", "extra_info": null, "price": 50}}, {"model": "menu.item", "pk": 22, "fields": {"main_category": 4, "sub_category": null, "dish": "MAMA'S BREAKFAST", "description": "Drop Cakes, Breakfast Potatoes, 2 Sausages, Scrambled Eggs and Tea", "extra_info": null, "price": 300}}, {"model": "menu.item", "pk": 23, "fields": {"main_category": 4, "sub_category": null, "dish": "MAMA'S SPECIAL", "description": "Special Rice, Sauteed Potatoes, Chicken Curry, Buttered Naan and Salad", "extra_info": null, "price": 300}}, {"model": "menu.item", "pk": 24, "fields": {"main_category": 5, "sub_category": null, "dish": "CHICKEN SHAWARMA", "description": "Thinly sliced cuts of Marinated Boneless Chicken mixed in with Lettuce, Garlic Sauce, Mayonnaise and a Special House Sauce, wrapped in Flatbread or stuffed in Pita Bread", "extra_info": null, "price": 200}}, {"model": "menu.item", "pk": 25, "fields": {"main_category": 5, "sub_category": null, "dish": "CHICKEN & LETTUCE PANINI", "description": "Boneless Chicken and Lettuce Sandwiched between Toasted bread with a Special House Spread", "extra_info": null, "price": 150}}, {"model": "menu.item", "pk": 26, "fields": {"main_category": 6, "sub_category": null, "dish": "CLASSIC BEEF", "description": "Seasoned Beff Patty on bed of Lettuce, Sliced Tomatoes and Caramelized Onions drizzled witth Special House sauce and sandwiched between Toasted Buns", "extra_info": null, "price": 300}}, {"model": "menu.item", "pk": 27, "fields": {"main_category": 6, "sub_category": null, "dish": "CHEESY SUPREME", "description": "Seasoned Beef Patty topped with melted Mozarella Cheese, Lettuce and Caramelized Onions drizzled with a Special House Sauce Sandwiched between Toasted Buns", "extra_info": null, "price": 350}}, {"model": "menu.item", "pk": 28, "fields": {"main_category": 3, "sub_category": 6, "dish": "FRESH JUICE", "description": "A cold blend of fresh fruits", "extra_info": null, "price": 150}}, {"model": "menu.item", "pk": 29, "fields": {"main_category": 1, "sub_category": 7, "dish": "NDENGU CURRY", "description": "Green Grams (Ndengu) steamed and curried with Tomatoes and Tomatoes and Onions seasoned with Tumeric and Natural Herbs", "extra_info": null, "price": 100}}, {"model": "menu.item", "pk": 30, "fields": {"main_category": 1, "sub_category": 7, "dish": "BEANS IN COCONUT MILK", "description": "Steamed Yellow Beans slow curried in Coconut Milk and seasonal spices", "extra_info": null, "price": 120}}, {"model": "auth.permission", "pk": 1, "fields": {"name": "Can add log entry", "content_type": 1, "codename": "add_logentry"}}, {"model": "auth.permission", "pk": 2, "fields": {"name": "Can change log entry", "content_type": 1, "codename": "change_logentry"}}, {"model": "auth.permission", "pk": 3, "fields": {"name": "Can delete log entry", "content_type": 1, "codename": "delete_logentry"}}, {"model": "auth.permission", "pk": 4, "fields": {"name": "Can view log entry", "content_type": 1, "codename": "view_logentry"}}, {"model": "auth.permission", "pk": 5, "fields": {"name": "Can add permission", "content_type": 2, "codename": "add_permission"}}, {"model": "auth.permission", "pk": 6, "fields": {"name": "Can change permission", "content_type": 2, "codename": "change_permission"}}, {"model": "auth.permission", "pk": 7, "fields": {"name": "Can delete permission", "content_type": 2, "codename": "delete_permission"}}, {"model": "auth.permission", "pk": 8, "fields": {"name": "Can view permission", "content_type": 2, "codename": "view_permission"}}, {"model": "auth.permission", "pk": 9, "fields": {"name": "Can add group", "content_type": 3, "codename": "add_group"}}, {"model": "auth.permission", "pk": 10, "fields": {"name": "Can change group", "content_type": 3, "codename": "change_group"}}, {"model": "auth.permission", "pk": 11, "fields": {"name": "Can delete group", "content_type": 3, "codename": "delete_group"}}, {"model": "auth.permission", "pk": 12, "fields": {"name": "Can view group", "content_type": 3, "codename": "view_group"}}, {"model": "auth.permission", "pk": 13, "fields": {"name": "Can add user", "content_type": 4, "codename": "add_user"}}, {"model": "auth.permission", "pk": 14, "fields": {"name": "Can change user", "content_type": 4, "codename": "change_user"}}, {"model": "auth.permission", "pk": 15, "fields": {"name": "Can delete user", "content_type": 4, "codename": "delete_user"}}, {"model": "auth.permission", "pk": 16, "fields": {"name": "Can view user", "content_type": 4, "codename": "view_user"}}, {"model": "auth.permission", "pk": 17, "fields": {"name": "Can add content type", "content_type": 5, "codename": "add_contenttype"}}, {"model": "auth.permission", "pk": 18, "fields": {"name": "Can change content type", "content_type": 5, "codename": "change_contenttype"}}, {"model": "auth.permission", "pk": 19, "fields": {"name": "Can delete content type", "content_type": 5, "codename": "delete_contenttype"}}, {"model": "auth.permission", "pk": 20, "fields": {"name": "Can view content type", "content_type": 5, "codename": "view_contenttype"}}, {"model": "auth.permission", "pk": 21, "fields": {"name": "Can add session", "content_type": 6, "codename": "add_session"}}, {"model": "auth.permission", "pk": 22, "fields": {"name": "Can change session", "content_type": 6, "codename": "change_session"}}, {"model": "auth.permission", "pk": 23, "fields": {"name": "Can delete session", "content_type": 6, "codename": "delete_session"}}, {"model": "auth.permission", "pk": 24, "fields": {"name": "Can view session", "content_type": 6, "codename": "view_session"}}, {"model": "auth.permission", "pk": 25, "fields": {"name": "Can add post", "content_type": 7, "codename": "add_post"}}, {"model": "auth.permission", "pk": 26, "fields": {"name": "Can change post", "content_type": 7, "codename": "change_post"}}, {"model": "auth.permission", "pk": 27, "fields": {"name": "Can delete post", "content_type": 7, "codename": "delete_post"}}, {"model": "auth.permission", "pk": 28, "fields": {"name": "Can view post", "content_type": 7, "codename": "view_post"}}, {"model": "auth.permission", "pk": 29, "fields": {"name": "Can add images", "content_type": 8, "codename": "add_images"}}, {"model": "auth.permission", "pk": 30, "fields": {"name": "Can change images", "content_type": 8, "codename": "change_images"}}, {"model": "auth.permission", "pk": 31, "fields": {"name": "Can delete images", "content_type": 8, "codename": "delete_images"}}, {"model": "auth.permission", "pk": 32, "fields": {"name": "Can view images", "content_type": 8, "codename": "view_images"}}, {"model": "auth.permission", "pk": 33, "fields": {"name": "Can add story", "content_type": 9, "codename": "add_story"}}, {"model": "auth.permission", "pk": 34, "fields": {"name": "Can change story", "content_type": 9, "codename": "change_story"}}, {"model": "auth.permission", "pk": 35, "fields": {"name": "Can delete story", "content_type": 9, "codename": "delete_story"}}, {"model": "auth.permission", "pk": 36, "fields": {"name": "Can view story", "content_type": 9, "codename": "view_story"}}, {"model": "auth.permission", "pk": 37, "fields": {"name": "Can add category", "content_type": 10, "codename": "add_category"}}, {"model": "auth.permission", "pk": 38, "fields": {"name": "Can change category", "content_type": 10, "codename": "change_category"}}, {"model": "auth.permission", "pk": 39, "fields": {"name": "Can delete category", "content_type": 10, "codename": "delete_category"}}, {"model": "auth.permission", "pk": 40, "fields": {"name": "Can view category", "content_type": 10, "codename": "view_category"}}, {"model": "auth.permission", "pk": 41, "fields": {"name": "Can add sub category", "content_type": 11, "codename": "add_subcategory"}}, {"model": "auth.permission", "pk": 42, "fields": {"name": "Can change sub category", "content_type": 11, "codename": "change_subcategory"}}, {"model": "auth.permission", "pk": 43, "fields": {"name": "Can delete sub category", "content_type": 11, "codename": "delete_subcategory"}}, {"model": "auth.permission", "pk": 44, "fields": {"name": "Can view sub category", "content_type": 11, "codename": "view_subcategory"}}, {"model": "auth.permission", "pk": 45, "fields": {"name": "Can add item", "content_type": 12, "codename": "add_item"}}, {"model": "auth.permission", "pk": 46, "fields": {"name": "Can change item", "content_type": 12, "codename": "change_item"}}, {"model": "auth.permission", "pk": 47, "fields": {"name": "Can delete item", "content_type": 12, "codename": "delete_item"}}, {"model": "auth.permission", "pk": 48, "fields": {"name": "Can view item", "content_type": 12, "codename": "view_item"}}, {"model": "auth.permission", "pk": 49, "fields": {"name": "Can add comment", "content_type": 13, "codename": "add_comment"}}, {"model": "auth.permission", "pk": 50, "fields": {"name": "Can change comment", "content_type": 13, "codename": "change_comment"}}, {"model": "auth.permission", "pk": 51, "fields": {"name": "Can delete comment", "content_type": 13, "codename": "delete_comment"}}, {"model": "auth.permission", "pk": 52, "fields": {"name": "Can view comment", "content_type": 13, "codename": "view_comment"}}, {"model": "auth.permission", "pk": 53, "fields": {"name": "Can add subscription", "content_type": 14, "codename": "add_subscription"}}, {"model": "auth.permission", "pk": 54, "fields": {"name": "Can change subscription", "content_type": 14, "codename": "change_subscription"}}, {"model": "auth.permission", "pk": 55, "fields": {"name": "Can delete subscription", "content_type": 14, "codename": "delete_subscription"}}, {"model": "auth.permission", "pk": 56, "fields": {"name": "Can view subscription", "content_type": 14, "codename": "view_subscription"}}, {"model": "auth.user", "pk": 1, "fields": {"password": "pbkdf2_sha256$180000$Gy63o4wN7UzJ$cmTB3TFoA3BbAGxUYHdHu0eh8wHwpIsZvaNgxm5ySXs=", "last_login": "2020-08-27T13:37:08.512Z", "is_superuser": true, "username": "davidkamere", "first_name": "", "last_name": "", "email": "davidkamere@gmail.com", "is_staff": true, "is_active": true, "date_joined": "2020-04-29T10:48:13.791Z", "groups": [], "user_permissions": []}}, {"model": "admin.logentry", "pk": 1, "fields": {"action_time": "2020-05-13T19:32:02.629Z", "user": 1, "content_type": 10, "object_id": "1", "object_repr": "Main Course", "action_flag": 1, "change_message": "[{\"added\": {}}]"}}, {"model": "admin.logentry", "pk": 2, "fields": {"action_time": "2020-05-13T19:32:45.747Z", "user": 1, "content_type": 11, "object_id": "1", "object_repr": "BEEF", "action_flag": 1, "change_message": "[{\"added\": {}}]"}}, {"model": "admin.logentry", "pk": 3, "fields": {"action_time": "2020-05-13T19:33:39.170Z", "user": 1, "content_type": 12, "object_id": "1", "object_repr": "African Beef Stew", "action_flag": 1, "change_message": "[{\"added\": {}}]"}}, {"model": "admin.logentry", "pk": 4, "fields": {"action_time": "2020-05-13T20:14:13.696Z", "user": 1, "content_type": 11, "object_id": "1", "object_repr": "Beef", "action_flag": 2, "change_message": "[{\"changed\": {\"fields\": [\"Sub category\", \"Description\", \"Extra info\"]}}]"}}, {"model": "admin.logentry", "pk": 5, "fields": {"action_time": "2020-05-13T20:15:46.649Z", "user": 1, "content_type": 12, "object_id": "1", "object_repr": "African Beef Stew", "action_flag": 2, "change_message": "[]"}}, {"model": "admin.logentry", "pk": 6, "fields": {"action_time": "2020-05-13T20:23:53.816Z", "user": 1, "content_type": 12, "object_id": "1", "object_repr": "AFRICAN BEEF STEW", "action_flag": 2, "change_message": "[{\"changed\": {\"fields\": [\"Dish\"]}}]"}}, {"model": "admin.logentry", "pk": 7, "fields": {"action_time": "2020-05-13T20:25:28.558Z", "user": 1, "content_type": 11, "object_id": "2", "object_repr": "Chicken", "action_flag": 1, "change_message": "[{\"added\": {}}]"}}, {"model": "admin.logentry", "pk": 8, "fields": {"action_time": "2020-05-13T20:37:53.922Z", "user": 1, "content_type": 12, "object_id": "2", "object_repr": "MARYLAND CHICKEN", "action_flag": 1, "change_message": "[{\"added\": {}}]"}}, {"model": "admin.logentry", "pk": 9, "fields": {"action_time": "2020-05-13T20:42:19.402Z", "user": 1, "content_type": 12, "object_id": "2", "object_repr": "MARYLAND CHICKEN", "action_flag": 2, "change_message": "[{\"changed\": {\"fields\": [\"Description\"]}}]"}}, {"model": "admin.logentry", "pk": 10, "fields": {"action_time": "2020-05-13T20:46:34.714Z", "user": 1, "content_type": 12, "object_id": "1", "object_repr": "AFRICAN BEEF STEW", "action_flag": 2, "change_message": "[{\"changed\": {\"fields\": [\"Description\"]}}]"}}, {"model": "admin.logentry", "pk": 11, "fields": {"action_time": "2020-05-13T20:46:59.762Z", "user": 1, "content_type": 12, "object_id": "2", "object_repr": "MARYLAND CHICKEN", "action_flag": 2, "change_message": "[]"}}, {"model": "admin.logentry", "pk": 12, "fields": {"action_time": "2020-05-13T21:06:54.531Z", "user": 1, "content_type": 12, "object_id": "3", "object_repr": "STIR FRIED BEEF", "action_flag": 1, "change_message": "[{\"added\": {}}]"}}, {"model": "admin.logentry", "pk": 13, "fields": {"action_time": "2020-05-13T21:08:09.818Z", "user": 1, "content_type": 12, "object_id": "4", "object_repr": "STIR FRIED CHICKEN", "action_flag": 1, "change_message": "[{\"added\": {}}]"}}, {"model": "admin.logentry", "pk": 14, "fields": {"action_time": "2020-05-13T21:08:30.783Z", "user": 1, "content_type": 12, "object_id": "4", "object_repr": "STIR FRIED CHICKEN", "action_flag": 2, "change_message": "[{\"changed\": {\"fields\": [\"Sub category\"]}}]"}}, {"model": "admin.logentry", "pk": 15, "fields": {"action_time": "2020-05-15T06:37:09.412Z", "user": 1, "content_type": 12, "object_id": "5", "object_repr": "Beef Pilau", "action_flag": 1, "change_message": "[{\"added\": {}}]"}}, {"model": "admin.logentry", "pk": 16, "fields": {"action_time": "2020-05-15T06:38:13.654Z", "user": 1, "content_type": 12, "object_id": "6", "object_repr": "CHICKEN NUGGETS", "action_flag": 1, "change_message": "[{\"added\": {}}]"}}, {"model": "admin.logentry", "pk": 17, "fields": {"action_time": "2020-05-15T06:38:27.263Z", "user": 1, "content_type": 12, "object_id": "5", "object_repr": "BEEF PILAU", "action_flag": 2, "change_message": "[{\"changed\": {\"fields\": [\"Dish\"]}}]"}}, {"model": "admin.logentry", "pk": 18, "fields": {"action_time": "2020-05-15T06:40:03.476Z", "user": 1, "content_type": 12, "object_id": "7", "object_repr": "CHICKEN CURRY", "action_flag": 1, "change_message": "[{\"added\": {}}]"}}, {"model": "admin.logentry", "pk": 19, "fields": {"action_time": "2020-05-15T06:41:17.556Z", "user": 1, "content_type": 12, "object_id": "8", "object_repr": "YASSA CHICKEN", "action_flag": 1, "change_message": "[{\"added\": {}}]"}}, {"model": "admin.logentry", "pk": 20, "fields": {"action_time": "2020-05-15T06:41:46.464Z", "user": 1, "content_type": 10, "object_id": "2", "object_repr": "SNACKS", "action_flag": 1, "change_message": "[{\"added\": {}}]"}}, {"model": "admin.logentry", "pk": 21, "fields": {"action_time": "2020-05-15T06:42:24.272Z", "user": 1, "content_type": 10, "object_id": "2", "object_repr": "SNACKS & PAIRINGS", "action_flag": 2, "change_message": "[{\"changed\": {\"fields\": [\"Main category\", \"Description\", \"Extra info\"]}}]"}}, {"model": "admin.logentry", "pk": 22, "fields": {"action_time": "2020-05-15T06:42:41.192Z", "user": 1, "content_type": 11, "object_id": "3", "object_repr": "SNACKS", "action_flag": 1, "change_message": "[{\"added\": {}}]"}}, {"model": "admin.logentry", "pk": 23, "fields": {"action_time": "2020-05-15T06:43:15.553Z", "user": 1, "content_type": 12, "object_id": "9", "object_repr": "BEEF SAMOSA", "action_flag": 1, "change_message": "[{\"added\": {}}]"}}, {"model": "admin.logentry", "pk": 24, "fields": {"action_time": "2020-05-15T06:43:45.774Z", "user": 1, "content_type": 11, "object_id": "3", "object_repr": "Snacks", "action_flag": 2, "change_message": "[{\"changed\": {\"fields\": [\"Sub category\", \"Description\", \"Extra info\"]}}]"}}, {"model": "admin.logentry", "pk": 25, "fields": {"action_time": "2020-05-15T06:44:37.238Z", "user": 1, "content_type": 12, "object_id": "10", "object_repr": "BEEF SMOKIES", "action_flag": 1, "change_message": "[{\"added\": {}}]"}}, {"model": "admin.logentry", "pk": 26, "fields": {"action_time": "2020-05-15T06:45:28.388Z", "user": 1, "content_type": 12, "object_id": "11", "object_repr": "ANDAZI", "action_flag": 1, "change_message": "[{\"added\": {}}]"}}, {"model": "admin.logentry", "pk": 27, "fields": {"action_time": "2020-05-15T06:46:17.903Z", "user": 1, "content_type": 12, "object_id": "12", "object_repr": "CHAPATI", "action_flag": 1, "change_message": "[{\"added\": {}}]"}}, {"model": "admin.logentry", "pk": 28, "fields": {"action_time": "2020-05-15T06:47:06.788Z", "user": 1, "content_type": 12, "object_id": "13", "object_repr": "BUTTERED NAAN", "action_flag": 1, "change_message": "[{\"added\": {}}]"}}, {"model": "admin.logentry", "pk": 29, "fields": {"action_time": "2020-05-15T06:47:55.310Z", "user": 1, "content_type": 11, "object_id": "4", "object_repr": "Pairings", "action_flag": 1, "change_message": "[{\"added\": {}}]"}}, {"model": "admin.logentry", "pk": 30, "fields": {"action_time": "2020-05-15T06:49:03.258Z", "user": 1, "content_type": 12, "object_id": "14", "object_repr": "FRENCH FRIES", "action_flag": 1, "change_message": "[{\"added\": {}}]"}}, {"model": "admin.logentry", "pk": 31, "fields": {"action_time": "2020-05-15T06:50:25.993Z", "user": 1, "content_type": 12, "object_id": "15", "object_repr": "BBQ FRIES", "action_flag": 1, "change_message": "[{\"added\": {}}]"}}, {"model": "admin.logentry", "pk": 32, "fields": {"action_time": "2020-05-15T06:52:39.351Z", "user": 1, "content_type": 12, "object_id": "16", "object_repr": "MASALA FRIES", "action_flag": 1, "change_message": "[{\"added\": {}}]"}}, {"model": "admin.logentry", "pk": 33, "fields": {"action_time": "2020-05-15T06:53:40.669Z", "user": 1, "content_type": 12, "object_id": "17", "object_repr": "BEEF FRIES", "action_flag": 1, "change_message": "[{\"added\": {}}]"}}, {"model": "admin.logentry", "pk": 34, "fields": {"action_time": "2020-05-15T06:54:58.058Z", "user": 1, "content_type": 12, "object_id": "18", "object_repr": "LOADED FRIES", "action_flag": 1, "change_message": "[{\"added\": {}}]"}}, {"model": "admin.logentry", "pk": 35, "fields": {"action_time": "2020-05-15T06:55:54.428Z", "user": 1, "content_type": 12, "object_id": "19", "object_repr": "MARU BHAJIA", "action_flag": 1, "change_message": "[{\"added\": {}}]"}}, {"model": "admin.logentry", "pk": 36, "fields": {"action_time": "2020-05-15T06:56:52.339Z", "user": 1, "content_type": 12, "object_id": "20", "object_repr": "VEGETABLE FRIED RICE", "action_flag": 1, "change_message": "[{\"added\": {}}]"}}, {"model": "admin.logentry", "pk": 37, "fields": {"action_time": "2020-05-15T06:57:32.256Z", "user": 1, "content_type": 10, "object_id": "3", "object_repr": "DRINKS", "action_flag": 1, "change_message": "[{\"added\": {}}]"}}, {"model": "admin.logentry", "pk": 38, "fields": {"action_time": "2020-05-15T06:57:52.788Z", "user": 1, "content_type": 11, "object_id": "5", "object_repr": "Hot Beverages", "action_flag": 1, "change_message": "[{\"added\": {}}]"}}, {"model": "admin.logentry", "pk": 39, "fields": {"action_time": "2020-05-15T07:01:06.343Z", "user": 1, "content_type": 12, "object_id": "21", "object_repr": "WHITE TEA", "action_flag": 1, "change_message": "[{\"added\": {}}]"}}, {"model": "admin.logentry", "pk": 40, "fields": {"action_time": "2020-06-01T21:11:09.256Z", "user": 1, "content_type": 10, "object_id": "4", "object_repr": "Mama's Combos", "action_flag": 1, "change_message": "[{\"added\": {}}]"}}, {"model": "admin.logentry", "pk": 41, "fields": {"action_time": "2020-06-01T21:12:20.615Z", "user": 1, "content_type": 12, "object_id": "22", "object_repr": "MAMA'S BREAKFAST", "action_flag": 1, "change_message": "[{\"added\": {}}]"}}, {"model": "admin.logentry", "pk": 42, "fields": {"action_time": "2020-06-01T21:13:29.221Z", "user": 1, "content_type": 12, "object_id": "23", "object_repr": "MAMA'S SPECIAL", "action_flag": 1, "change_message": "[{\"added\": {}}]"}}, {"model": "admin.logentry", "pk": 43, "fields": {"action_time": "2020-06-01T21:13:54.121Z", "user": 1, "content_type": 10, "object_id": "5", "object_repr": "WRAPS AND PANINIS", "action_flag": 1, "change_message": "[{\"added\": {}}]"}}, {"model": "admin.logentry", "pk": 44, "fields": {"action_time": "2020-06-01T21:16:00.413Z", "user": 1, "content_type": 12, "object_id": "24", "object_repr": "CHICKEN SHAWARMA", "action_flag": 1, "change_message": "[{\"added\": {}}]"}}, {"model": "admin.logentry", "pk": 45, "fields": {"action_time": "2020-06-01T21:17:00.500Z", "user": 1, "content_type": 12, "object_id": "25", "object_repr": "CHICKEN AND LETTUCE PANINI", "action_flag": 1, "change_message": "[{\"added\": {}}]"}}, {"model": "admin.logentry", "pk": 46, "fields": {"action_time": "2020-06-01T21:17:22.726Z", "user": 1, "content_type": 10, "object_id": "6", "object_repr": "Mama's Burgers", "action_flag": 1, "change_message": "[{\"added\": {}}]"}}, {"model": "admin.logentry", "pk": 47, "fields": {"action_time": "2020-06-01T21:18:51.943Z", "user": 1, "content_type": 12, "object_id": "26", "object_repr": "CLASSIC BEEF", "action_flag": 1, "change_message": "[{\"added\": {}}]"}}, {"model": "admin.logentry", "pk": 48, "fields": {"action_time": "2020-06-01T21:21:02.787Z", "user": 1, "content_type": 12, "object_id": "27", "object_repr": "CHEESY SUPREME", "action_flag": 1, "change_message": "[{\"added\": {}}]"}}, {"model": "admin.logentry", "pk": 49, "fields": {"action_time": "2020-06-01T21:23:49.973Z", "user": 1, "content_type": 10, "object_id": "6", "object_repr": "MAMA'S BURGERS", "action_flag": 2, "change_message": "[{\"changed\": {\"fields\": [\"Main category\"]}}]"}}, {"model": "admin.logentry", "pk": 50, "fields": {"action_time": "2020-06-01T21:24:07.465Z", "user": 1, "content_type": 10, "object_id": "4", "object_repr": "MAMA'S COMBOS", "action_flag": 2, "change_message": "[{\"changed\": {\"fields\": [\"Main category\"]}}]"}}, {"model": "admin.logentry", "pk": 51, "fields": {"action_time": "2020-06-01T21:28:34.115Z", "user": 1, "content_type": 12, "object_id": "24", "object_repr": "CHICKEN SHAWARMA", "action_flag": 2, "change_message": "[{\"changed\": {\"fields\": [\"Price\"]}}]"}}, {"model": "admin.logentry", "pk": 52, "fields": {"action_time": "2020-06-01T21:32:03.570Z", "user": 1, "content_type": 12, "object_id": "25", "object_repr": "CHICKEN & LETTUCE PANINI", "action_flag": 2, "change_message": "[{\"changed\": {\"fields\": [\"Dish\"]}}]"}}, {"model": "admin.logentry", "pk": 53, "fields": {"action_time": "2020-06-03T14:52:28.965Z", "user": 1, "content_type": 11, "object_id": "6", "object_repr": "Cold Beverages", "action_flag": 1, "change_message": "[{\"added\": {}}]"}}, {"model": "admin.logentry", "pk": 54, "fields": {"action_time": "2020-06-03T14:53:12.285Z", "user": 1, "content_type": 12, "object_id": "28", "object_repr": "FRESH JUICE", "action_flag": 1, "change_message": "[{\"added\": {}}]"}}, {"model": "admin.logentry", "pk": 55, "fields": {"action_time": "2020-06-03T22:57:25.133Z", "user": 1, "content_type": 11, "object_id": "7", "object_repr": "Vegeterian", "action_flag": 1, "change_message": "[{\"added\": {}}]"}}, {"model": "admin.logentry", "pk": 56, "fields": {"action_time": "2020-06-03T22:59:48.093Z", "user": 1, "content_type": 12, "object_id": "29", "object_repr": "NDENGU CURRY", "action_flag": 1, "change_message": "[{\"added\": {}}]"}}, {"model": "admin.logentry", "pk": 57, "fields": {"action_time": "2020-06-03T22:59:55.885Z", "user": 1, "content_type": 12, "object_id": "29", "object_repr": "NDENGU CURRY", "action_flag": 2, "change_message": "[{\"changed\": {\"fields\": [\"Price\"]}}]"}}, {"model": "admin.logentry", "pk": 58, "fields": {"action_time": "2020-06-03T23:00:56.446Z", "user": 1, "content_type": 12, "object_id": "30", "object_repr": "BEANS IN COCONUT MILK", "action_flag": 1, "change_message": "[{\"added\": {}}]"}}, {"model": "admin.logentry", "pk": 59, "fields": {"action_time": "2020-06-03T23:11:51.984Z", "user": 1, "content_type": 11, "object_id": "7", "object_repr": "Vegetarian", "action_flag": 2, "change_message": "[{\"changed\": {\"fields\": [\"Sub category\", \"Description\", \"Extra info\"]}}]"}}, {"model": "admin.logentry", "pk": 60, "fields": {"action_time": "2020-06-18T13:41:04.699Z", "user": 1, "content_type": 7, "object_id": "1", "object_repr": "Introducing the Recipe Box", "action_flag": 1, "change_message": "[{\"added\": {}}]"}}, {"model": "admin.logentry", "pk": 61, "fields": {"action_time": "2020-08-15T07:54:18.855Z", "user": 1, "content_type": 7, "object_id": "1", "object_repr": "Introducing the Recipe Box", "action_flag": 2, "change_message": "[{\"changed\": {\"fields\": [\"Content\"]}}]"}}, {"model": "admin.logentry", "pk": 62, "fields": {"action_time": "2020-08-15T10:28:57.114Z", "user": 1, "content_type": 7, "object_id": "1", "object_repr": "Introducing the Recipe Box", "action_flag": 2, "change_message": "[{\"changed\": {\"fields\": [\"Content\"]}}]"}}, {"model": "admin.logentry", "pk": 63, "fields": {"action_time": "2020-08-15T11:44:17.905Z", "user": 1, "content_type": 14, "object_id": "2", "object_repr": "davidkamere@gmail.com", "action_flag": 3, "change_message": ""}}, {"model": "admin.logentry", "pk": 64, "fields": {"action_time": "2020-08-15T11:44:18.440Z", "user": 1, "content_type": 14, "object_id": "1", "object_repr": "davidkamere@gma", "action_flag": 3, "change_message": ""}}, {"model": "admin.logentry", "pk": 65, "fields": {"action_time": "2020-08-15T11:51:34.514Z", "user": 1, "content_type": 14, "object_id": "7", "object_repr": "davidkamere@gmail.com", "action_flag": 3, "change_message": ""}}, {"model": "admin.logentry", "pk": 66, "fields": {"action_time": "2020-08-15T11:51:35.084Z", "user": 1, "content_type": 14, "object_id": "6", "object_repr": "davidkamere@gmail.com", "action_flag": 3, "change_message": ""}}, {"model": "admin.logentry", "pk": 67, "fields": {"action_time": "2020-08-15T11:51:35.296Z", "user": 1, "content_type": 14, "object_id": "5", "object_repr": "davidkamere@gmail.com", "action_flag": 3, "change_message": ""}}, {"model": "admin.logentry", "pk": 68, "fields": {"action_time": "2020-08-15T11:51:35.475Z", "user": 1, "content_type": 14, "object_id": "4", "object_repr": "davidkamere@gmail.com", "action_flag": 3, "change_message": ""}}, {"model": "admin.logentry", "pk": 69, "fields": {"action_time": "2020-08-15T11:51:35.705Z", "user": 1, "content_type": 14, "object_id": "3", "object_repr": "davidkamere@gma", "action_flag": 3, "change_message": ""}}, {"model": "admin.logentry", "pk": 70, "fields": {"action_time": "2020-08-15T11:59:11.999Z", "user": 1, "content_type": 14, "object_id": "10", "object_repr": "davidkamere@gmail.com", "action_flag": 3, "change_message": ""}}, {"model": "admin.logentry", "pk": 71, "fields": {"action_time": "2020-08-15T11:59:12.514Z", "user": 1, "content_type": 14, "object_id": "9", "object_repr": "davidkamere@gmail.com", "action_flag": 3, "change_message": ""}}, {"model": "admin.logentry", "pk": 72, "fields": {"action_time": "2020-08-15T11:59:12.782Z", "user": 1, "content_type": 14, "object_id": "8", "object_repr": "davidkamere@gmail.com", "action_flag": 3, "change_message": ""}}, {"model": "admin.logentry", "pk": 73, "fields": {"action_time": "2020-08-15T12:06:16.004Z", "user": 1, "content_type": 14, "object_id": "13", "object_repr": "davidkamere@gmail.com", "action_flag": 3, "change_message": ""}}, {"model": "admin.logentry", "pk": 74, "fields": {"action_time": "2020-08-15T12:06:16.180Z", "user": 1, "content_type": 14, "object_id": "12", "object_repr": "davidkamere@gmail.com", "action_flag": 3, "change_message": ""}}, {"model": "admin.logentry", "pk": 75, "fields": {"action_time": "2020-08-15T12:06:16.294Z", "user": 1, "content_type": 14, "object_id": "11", "object_repr": "davidkamere@gmail.com", "action_flag": 3, "change_message": ""}}, {"model": "admin.logentry", "pk": 76, "fields": {"action_time": "2020-08-15T14:32:24.762Z", "user": 1, "content_type": 7, "object_id": "1", "object_repr": "Introducing the Recipe Box", "action_flag": 2, "change_message": "[{\"changed\": {\"fields\": [\"Content\"]}}]"}}, {"model": "admin.logentry", "pk": 77, "fields": {"action_time": "2020-08-15T14:55:57.852Z", "user": 1, "content_type": 7, "object_id": "1", "object_repr": "Introducing the Recipe Box", "action_flag": 2, "change_message": "[{\"changed\": {\"fields\": [\"Content\"]}}]"}}, {"model": "admin.logentry", "pk": 78, "fields": {"action_time": "2020-08-15T17:14:59.664Z", "user": 1, "content_type": 7, "object_id": "1", "object_repr": "Introducing the Recipe Box", "action_flag": 2, "change_message": "[{\"changed\": {\"fields\": [\"Content\"]}}]"}}, {"model": "admin.logentry", "pk": 79, "fields": {"action_time": "2020-08-15T17:40:08.619Z", "user": 1, "content_type": 7, "object_id": "1", "object_repr": "Introducing the Recipe Box", "action_flag": 2, "change_message": "[{\"changed\": {\"fields\": [\"Content\"]}}]"}}, {"model": "admin.logentry", "pk": 80, "fields": {"action_time": "2020-08-15T17:42:03.061Z", "user": 1, "content_type": 7, "object_id": "1", "object_repr": "Introducing the Recipe Box", "action_flag": 2, "change_message": "[{\"changed\": {\"fields\": [\"Content\"]}}]"}}, {"model": "admin.logentry", "pk": 81, "fields": {"action_time": "2020-08-16T09:00:46.654Z", "user": 1, "content_type": 13, "object_id": "1", "object_repr": "Comment asdasdasd by David", "action_flag": 3, "change_message": ""}}, {"model": "admin.logentry", "pk": 82, "fields": {"action_time": "2020-08-16T09:50:29.847Z", "user": 1, "content_type": 7, "object_id": "2", "object_repr": "Side dish", "action_flag": 1, "change_message": "[{\"added\": {}}]"}}, {"model": "admin.logentry", "pk": 83, "fields": {"action_time": "2020-08-16T09:51:04.489Z", "user": 1, "content_type": 7, "object_id": "3", "object_repr": "Mains", "action_flag": 1, "change_message": "[{\"added\": {}}]"}}, {"model": "admin.logentry", "pk": 84, "fields": {"action_time": "2020-08-16T16:38:44.267Z", "user": 1, "content_type": 7, "object_id": "3", "object_repr": "Mains", "action_flag": 3, "change_message": ""}}, {"model": "admin.logentry", "pk": 85, "fields": {"action_time": "2020-08-16T16:38:44.552Z", "user": 1, "content_type": 7, "object_id": "2", "object_repr": "Side dish", "action_flag": 3, "change_message": ""}}, {"model": "admin.logentry", "pk": 86, "fields": {"action_time": "2020-08-19T19:12:20.344Z", "user": 1, "content_type": 7, "object_id": "1", "object_repr": "Introducing the Recipe Box", "action_flag": 2, "change_message": "[{\"changed\": {\"fields\": [\"Ingredients\", \"Recipe\", \"Category\"]}}]"}}, {"model": "admin.logentry", "pk": 87, "fields": {"action_time": "2020-08-19T19:15:05.681Z", "user": 1, "content_type": 7, "object_id": "1", "object_repr": "Introducing the Recipe Box", "action_flag": 2, "change_message": "[]"}}, {"model": "admin.logentry", "pk": 88, "fields": {"action_time": "2020-08-19T19:41:20.051Z", "user": 1, "content_type": 7, "object_id": "1", "object_repr": "Introducing the Recipe Box", "action_flag": 2, "change_message": "[{\"changed\": {\"fields\": [\"Extra info\", \"Ingredients\", \"Instructions\", \"Serving\"]}}]"}}, {"model": "admin.logentry", "pk": 89, "fields": {"action_time": "2020-08-19T20:07:49.775Z", "user": 1, "content_type": 7, "object_id": "1", "object_repr": "Introducing the Recipe Box", "action_flag": 2, "change_message": "[{\"changed\": {\"fields\": [\"Content\"]}}]"}}, {"model": "admin.logentry", "pk": 90, "fields": {"action_time": "2020-08-21T06:52:52.669Z", "user": 1, "content_type": 7, "object_id": "1", "object_repr": "Introducing the Recipe Box", "action_flag": 2, "change_message": "[{\"changed\": {\"fields\": [\"Header image\"]}}]"}}, {"model": "admin.logentry", "pk": 91, "fields": {"action_time": "2020-08-27T13:37:41.505Z", "user": 1, "content_type": 8, "object_id": "1", "object_repr": "Images object (1)", "action_flag": 1, "change_message": "[{\"added\": {}}]"}}, {"model": "admin.logentry", "pk": 92, "fields": {"action_time": "2020-08-27T13:42:43.976Z", "user": 1, "content_type": 8, "object_id": "1", "object_repr": "Images object (1)", "action_flag": 3, "change_message": ""}}, {"model": "admin.logentry", "pk": 93, "fields": {"action_time": "2020-08-27T13:42:56.832Z", "user": 1, "content_type": 8, "object_id": "2", "object_repr": "Images object (2)", "action_flag": 1, "change_message": "[{\"added\": {}}]"}}]